        0,  01-23-15 15:11,   META-INF/
      257,  01-23-15 15:11,   META-INF/MANIFEST.MF
        0,  01-23-15 15:11,   hello/
      134,  01-23-15 15:11,   application.yml
      879,  01-23-15 15:11,   hello/DemoApplication.class
      576,  01-23-15 15:11,   hello/Greeting.class
     1189,  01-23-15 15:11,   hello/GreetingController.class
        0,  01-23-15 15:11,   META-INF/maven/
        0,  01-23-15 15:11,   META-INF/maven/org.springframework.demo/
        0,  01-23-15 15:11,   META-INF/maven/org.springframework.demo/gs-rest-service/
     1773,  01-23-15 15:10,   META-INF/maven/org.springframework.demo/gs-rest-service/pom.xml
      124,  01-23-15 15:11,   META-INF/maven/org.springframework.demo/gs-rest-service/pom.properties
        0,  01-23-15 15:11,   lib/
     2273,  01-23-15 15:11,   lib/spring-boot-starter-web-1.2.0.RELEASE.jar
     2157,  01-23-15 15:11,   lib/spring-cloud-starter-eureka-1.0.0.RC1.jar
    13084,  01-23-15 15:11,   lib/spring-cloud-pivotal-connector-1.0.0.BUILD-SNAPSHOT.jar
     2213,  01-23-15 15:11,   lib/spring-boot-starter-1.2.0.RELEASE.jar
     2212,  01-23-15 15:11,   lib/spring-boot-starter-tomcat-1.2.0.RELEASE.jar
  1076926,  01-23-15 15:11,   lib/jackson-databind-2.4.4.jar
   405699,  01-23-15 15:11,   lib/spring-boot-1.2.0.RELEASE.jar
   467020,  01-23-15 15:11,   lib/spring-boot-autoconfigure-1.2.0.RELEASE.jar
     2245,  01-23-15 15:11,   lib/spring-boot-starter-logging-1.2.0.RELEASE.jar
    16519,  01-23-15 15:11,   lib/jcl-over-slf4j-1.7.7.jar
     4730,  01-23-15 15:11,   lib/jul-to-slf4j-1.7.7.jar
    24220,  01-23-15 15:11,   lib/log4j-over-slf4j-1.7.7.jar
   270750,  01-23-15 15:11,   lib/logback-classic-1.1.2.jar
   427729,  01-23-15 15:11,   lib/logback-core-1.1.2.jar
   275115,  01-23-15 15:11,   lib/snakeyaml-1.14.jar
  2823177,  01-23-15 15:11,   lib/tomcat-embed-core-8.0.15.jar
   236700,  01-23-15 15:11,   lib/tomcat-embed-el-8.0.15.jar
    41176,  01-23-15 15:11,   lib/tomcat-embed-logging-juli-8.0.15.jar
   233342,  01-23-15 15:11,   lib/tomcat-embed-websocket-8.0.15.jar
    38597,  01-23-15 15:11,   lib/jackson-annotations-2.4.4.jar
   225302,  01-23-15 15:11,   lib/jackson-core-2.4.4.jar
   634265,  01-23-15 15:11,   lib/hibernate-validator-5.1.3.Final.jar
    63777,  01-23-15 15:11,   lib/validation-api-1.1.0.Final.jar
    57183,  01-23-15 15:11,   lib/jboss-logging-3.1.3.GA.jar
    60282,  01-23-15 15:11,   lib/classmate-1.0.0.jar
  1006709,  01-23-15 15:11,   lib/spring-core-4.1.3.RELEASE.jar
   713531,  01-23-15 15:11,   lib/spring-web-4.1.3.RELEASE.jar
   359018,  01-23-15 15:11,   lib/spring-aop-4.1.3.RELEASE.jar
     4467,  01-23-15 15:11,   lib/aopalliance-1.0.jar
   707820,  01-23-15 15:11,   lib/spring-beans-4.1.3.RELEASE.jar
  1026840,  01-23-15 15:11,   lib/spring-context-4.1.3.RELEASE.jar
   781676,  01-23-15 15:11,   lib/spring-webmvc-4.1.3.RELEASE.jar
   259164,  01-23-15 15:11,   lib/spring-expression-4.1.3.RELEASE.jar
     2102,  01-23-15 15:11,   lib/spring-cloud-starter-1.0.0.RC1.jar
    87818,  01-23-15 15:11,   lib/spring-cloud-config-client-1.0.0.RC1.jar
    41594,  01-23-15 15:11,   lib/spring-security-crypto-3.2.5.RELEASE.jar
    21025,  01-23-15 15:11,   lib/spring-cloud-commons-1.0.0.RC1.jar
   191642,  01-23-15 15:11,   lib/spring-cloud-netflix-core-1.0.0.RC1.jar
     2244,  01-23-15 15:11,   lib/spring-boot-starter-actuator-1.2.0.RELEASE.jar
   268387,  01-23-15 15:11,   lib/spring-boot-actuator-1.2.0.RELEASE.jar
  2256213,  01-23-15 15:11,   lib/guava-18.0.jar
   147131,  01-23-15 15:11,   lib/eureka-client-1.1.145.jar
    46367,  01-23-15 15:11,   lib/jsr311-api-1.1.1.jar
   383065,  01-23-15 15:11,   lib/servo-core-0.7.4.jar
    74080,  01-23-15 15:11,   lib/annotations-2.0.0.jar
   481672,  01-23-15 15:11,   lib/xstream-1.4.2.jar
     7188,  01-23-15 15:11,   lib/xmlpull-1.1.3.1.jar
    24956,  01-23-15 15:11,   lib/xpp3_min-1.1.4c.jar
   465649,  01-23-15 15:11,   lib/jersey-core-1.13.jar
    67919,  01-23-15 15:11,   lib/netflix-eventbus-0.1.2.jar
   988514,  01-23-15 15:11,   lib/commons-math-2.2.jar
   100977,  01-23-15 15:11,   lib/netflix-infix-0.1.2.jar
   588001,  01-23-15 15:11,   lib/joda-time-2.5.jar
   299994,  01-23-15 15:11,   lib/commons-jxpath-1.3.jar
   164368,  01-23-15 15:11,   lib/antlr-runtime-3.4.jar
   148627,  01-23-15 15:11,   lib/stringtemplate-3.2.1.jar
   445288,  01-23-15 15:11,   lib/antlr-2.7.7.jar
   206853,  01-23-15 15:11,   lib/gson-2.3.jar
   135103,  01-23-15 15:11,   lib/archaius-core-0.6.3.jar
   780421,  01-23-15 15:11,   lib/jackson-mapper-asl-1.9.11.jar
   354491,  01-23-15 15:11,   lib/commons-configuration-1.8.jar
   284220,  01-23-15 15:11,   lib/commons-lang-2.6.jar
   232131,  01-23-15 15:11,   lib/jackson-core-asl-1.9.11.jar
    53484,  01-23-15 15:11,   lib/ribbon-httpclient-2.0-RC13.jar
   575389,  01-23-15 15:11,   lib/commons-collections-3.2.1.jar
   592008,  01-23-15 15:11,   lib/httpclient-4.3.6.jar
   282793,  01-23-15 15:11,   lib/httpcore-4.3.3.jar
   232771,  01-23-15 15:11,   lib/commons-codec-1.6.jar
   131269,  01-23-15 15:11,   lib/jersey-client-1.13.jar
    15009,  01-23-15 15:11,   lib/jersey-apache-client4-1.11.jar
   161212,  01-23-15 15:11,   lib/governator-1.2.10.jar
    51961,  01-23-15 15:11,   lib/guice-grapher-3.0.jar
    36998,  01-23-15 15:11,   lib/guice-assistedinject-3.0.jar
    59716,  01-23-15 15:11,   lib/jsr166y-1.7.0.jar
   710492,  01-23-15 15:11,   lib/guice-3.0.jar
   147326,  01-23-15 15:11,   lib/xbean-finder-3.11.1.jar
   203417,  01-23-15 15:11,   lib/asm-all-3.2.jar
    34471,  01-23-15 15:11,   lib/guice-multibindings-3.0.jar
    69578,  01-23-15 15:11,   lib/xbean-bundleutils-3.11.1.jar
    72478,  01-23-15 15:11,   lib/jettison-1.2.jar
    26514,  01-23-15 15:11,   lib/stax-api-1.0.1.jar
    86557,  01-23-15 15:11,   lib/ribbon-2.0-RC13.jar
    39520,  01-23-15 15:11,   lib/ribbon-transport-2.0-RC13.jar
   393589,  01-23-15 15:11,   lib/rx-netty-0.3.17.jar
   400289,  01-23-15 15:11,   lib/netty-codec-http-4.0.21.Final.jar
   138708,  01-23-15 15:11,   lib/netty-codec-4.0.21.Final.jar
   130567,  01-23-15 15:11,   lib/netty-handler-4.0.21.Final.jar
    52323,  01-23-15 15:11,   lib/netty-transport-native-epoll-4.0.21.Final.jar
   402392,  01-23-15 15:11,   lib/netty-common-4.0.21.Final.jar
   160955,  01-23-15 15:11,   lib/netty-buffer-4.0.21.Final.jar
   299974,  01-23-15 15:11,   lib/netty-transport-4.0.21.Final.jar
    28659,  01-23-15 15:11,   lib/rx-netty-servo-0.3.17.jar
    53391,  01-23-15 15:11,   lib/rx-netty-contexts-0.3.17.jar
     6690,  01-23-15 15:11,   lib/netflix-commons-util-0.1.1.jar
     2497,  01-23-15 15:11,   lib/javax.inject-1.jar
   267555,  01-23-15 15:11,   lib/hystrix-core-1.4.0-RC5.jar
   666031,  01-23-15 15:11,   lib/rxjava-core-0.20.7.jar
    29257,  01-23-15 15:11,   lib/slf4j-api-1.7.7.jar
    81969,  01-23-15 15:11,   lib/ribbon-core-2.0-RC13.jar
     7727,  01-23-15 15:11,   lib/ribbon-eureka-2.0-RC13.jar
   152048,  01-23-15 15:11,   lib/ribbon-loadbalancer-2.0-RC13.jar
    13772,  01-23-15 15:11,   lib/netflix-statistics-0.1.1.jar
   658552,  01-23-15 15:11,   lib/rxjava-1.0.0-rc.7.jar
    61509,  01-23-15 15:11,   lib/spring-cloud-spring-service-connector-1.1.0.RELEASE.jar
  1248594,  01-23-15 15:11,   lib/spring-cloud-cloudfoundry-connector-1.1.0.RELEASE.jar
    38575,  01-23-15 15:11,   lib/spring-cloud-core-1.1.0.RELEASE.jar
        0,  01-23-15 15:11,   org/
        0,  01-23-15 15:11,   org/springframework/
        0,  01-23-15 15:11,   org/springframework/boot/
        0,  01-23-15 15:11,   org/springframework/boot/loader/
        0,  01-23-15 15:11,   org/springframework/boot/loader/archive/
      399,  12-10-14 16:16,   org/springframework/boot/loader/archive/Archive$EntryFilter.class
     1991,  12-10-14 16:16,   org/springframework/boot/loader/archive/FilteredArchive$2.class
     8511,  12-10-14 16:16,   org/springframework/boot/loader/archive/ExplodedArchive.class
     3774,  12-10-14 16:16,   org/springframework/boot/loader/archive/FilteredArchive.class
      506,  12-10-14 16:16,   org/springframework/boot/loader/archive/Archive$EntryRenameFilter.class
     1941,  12-10-14 16:16,   org/springframework/boot/loader/archive/JarFileArchive$1.class
      333,  12-10-14 16:16,   org/springframework/boot/loader/archive/Archive$Entry.class
     1310,  12-10-14 16:16,   org/springframework/boot/loader/archive/ExplodedArchive$FileEntry.class
     1865,  12-10-14 16:16,   org/springframework/boot/loader/archive/ExplodedArchive$FilteredURLStreamHandler.class
     1538,  12-10-14 16:16,   org/springframework/boot/loader/archive/FilteredArchive$1.class
     2419,  12-10-14 16:16,   org/springframework/boot/loader/archive/Archive.class
     8148,  12-10-14 16:16,   org/springframework/boot/loader/archive/JarFileArchive.class
     1191,  12-10-14 16:16,   org/springframework/boot/loader/archive/JarFileArchive$JarFileEntry.class
      884,  12-10-14 16:16,   org/springframework/boot/loader/archive/ExplodedArchive$FileNotFoundURLConnection.class
     4915,  12-10-14 16:16,   org/springframework/boot/loader/ExecutableArchiveLauncher.class
     1949,  12-10-14 16:16,   org/springframework/boot/loader/MainMethodRunner.class
     1179,  12-10-14 16:16,   org/springframework/boot/loader/LaunchedURLClassLoader$Java7LockProvider.class
    17686,  12-10-14 16:16,   org/springframework/boot/loader/PropertiesLauncher.class
     1967,  12-10-14 16:16,   org/springframework/boot/loader/PropertiesLauncher$PrefixMatchingArchiveFilter.class
     1085,  12-10-14 16:16,   org/springframework/boot/loader/InputArgumentsJavaAgentDetector$1.class
     1057,  12-10-14 16:16,   org/springframework/boot/loader/LaunchedURLClassLoader$LockProvider.class
     1158,  12-10-14 16:16,   org/springframework/boot/loader/ExecutableArchiveLauncher$1.class
     6493,  12-10-14 16:16,   org/springframework/boot/loader/LaunchedURLClassLoader.class
     5794,  12-10-14 16:16,   org/springframework/boot/loader/Launcher.class
     1683,  12-10-14 16:16,   org/springframework/boot/loader/PropertiesLauncher$ArchiveEntryFilter.class
        0,  01-23-15 15:11,   org/springframework/boot/loader/data/
     3390,  12-10-14 16:16,   org/springframework/boot/loader/data/RandomAccessDataFile.class
     1531,  12-10-14 16:16,   org/springframework/boot/loader/data/ByteArrayRandomAccessData.class
     2235,  12-10-14 16:16,   org/springframework/boot/loader/data/RandomAccessDataFile$FilePool.class
     1347,  12-10-14 16:16,   org/springframework/boot/loader/data/RandomAccessData$ResourceAccess.class
     3526,  12-10-14 16:16,   org/springframework/boot/loader/data/RandomAccessDataFile$DataInputStream.class
      551,  12-10-14 16:16,   org/springframework/boot/loader/data/RandomAccessData.class
        0,  01-23-15 15:11,   org/springframework/boot/loader/util/
     4926,  12-10-14 16:16,   org/springframework/boot/loader/util/SystemPropertyUtils.class
     3701,  12-10-14 16:16,   org/springframework/boot/loader/util/AsciiBytes.class
     1382,  12-10-14 16:16,   org/springframework/boot/loader/LaunchedURLClassLoader$1.class
      269,  12-10-14 16:16,   org/springframework/boot/loader/PropertiesLauncher$1.class
     1940,  12-10-14 16:16,   org/springframework/boot/loader/WarLauncher.class
        0,  01-23-15 15:11,   org/springframework/boot/loader/jar/
      314,  12-10-14 16:16,   org/springframework/boot/loader/jar/JarEntryFilter.class
     1629,  12-10-14 16:16,   org/springframework/boot/loader/jar/ZipInflaterInputStream.class
     1295,  12-10-14 16:16,   org/springframework/boot/loader/jar/JarFile$1.class
    16519,  12-10-14 16:16,   org/springframework/boot/loader/jar/JarFile.class
      675,  12-10-14 16:16,   org/springframework/boot/loader/jar/JarURLConnection$1.class
     2165,  12-10-14 16:16,   org/springframework/boot/loader/jar/Bytes.class
     2939,  12-10-14 16:16,   org/springframework/boot/loader/jar/CentralDirectoryEndRecord.class
     5810,  12-10-14 16:16,   org/springframework/boot/loader/jar/JarEntryData.class
     1556,  12-10-14 16:16,   org/springframework/boot/loader/jar/JarFile$2.class
     6436,  12-10-14 16:16,   org/springframework/boot/loader/jar/Handler.class
     6571,  12-10-14 16:16,   org/springframework/boot/loader/jar/JarURLConnection.class
     2365,  12-10-14 16:16,   org/springframework/boot/loader/jar/JarEntry.class
     2827,  12-10-14 16:16,   org/springframework/boot/loader/jar/JarURLConnection$JarEntryName.class
     1913,  12-10-14 16:16,   org/springframework/boot/loader/JarLauncher.class
     2207,  12-10-14 16:16,   org/springframework/boot/loader/LaunchedURLClassLoader$2.class
      192,  12-10-14 16:16,   org/springframework/boot/loader/JavaAgentDetector.class
     3414,  12-10-14 16:16,   org/springframework/boot/loader/InputArgumentsJavaAgentDetector.class
